<?xml version="1.0" encoding="UTF-8"?>
<metadata xml:lang="es"><Esri><CreaDate>20221103</CreaDate><CreaTime>14431100</CreaTime><ArcGISFormat>1.0</ArcGISFormat><SyncOnce>TRUE</SyncOnce><DataProperties><lineage><Process ToolSource="c:\program files (x86)\arcgis\desktop10.1\ArcToolbox\Toolboxes\Data Management Tools.tbx\Append" Date="20181031" Time="070211">Append R:\DATOS\0_URGENTE_TAREAS_VARIAS\MATRIZ_BDG\A_INFORMACION_HOMOLOGADA_CAMBIOS_ESTRUCTURA_NUEVA_BASE.gdb\Estratificacion\Manzana_estratificacion_A09011997 "Database Connections\BDG-SDP.sde\ADMBDG.Estratificacion\ADMBDG.Manzana_estratificacion" NO_TEST "CODIGO_MANZANA "Identificador Único Código Manzana" true true false 9 Text 0 0 ,First,#,R:\DATOS\0_URGENTE_TAREAS_VARIAS\MATRIZ_BDG\A_INFORMACION_HOMOLOGADA_CAMBIOS_ESTRUCTURA_NUEVA_BASE.gdb\Estratificacion\Manzana_estratificacion_A09011997,CODIGO_MANZANA,-1,-1;ESTRATO "Estrato" true true false 2 Short 0 5 ,First,#,R:\DATOS\0_URGENTE_TAREAS_VARIAS\MATRIZ_BDG\A_INFORMACION_HOMOLOGADA_CAMBIOS_ESTRUCTURA_NUEVA_BASE.gdb\Estratificacion\Manzana_estratificacion_A09011997,ESTRATO,-1,-1;CODIGO_ZONA_ESTRATO "Código Zona Estrato" true true false 4 Long 0 10 ,First,#,R:\DATOS\0_URGENTE_TAREAS_VARIAS\MATRIZ_BDG\A_INFORMACION_HOMOLOGADA_CAMBIOS_ESTRUCTURA_NUEVA_BASE.gdb\Estratificacion\Manzana_estratificacion_A09011997,CODIGO_ZONA_ESTRATO,-1,-1;CODIGO_CRITERIO "Código Criterio" true true false 4 Text 0 0 ,First,#,R:\DATOS\0_URGENTE_TAREAS_VARIAS\MATRIZ_BDG\A_INFORMACION_HOMOLOGADA_CAMBIOS_ESTRUCTURA_NUEVA_BASE.gdb\Estratificacion\Manzana_estratificacion_A09011997,CODIGO_CRITERIO,-1,-1;NORMATIVA "Normativa" true true false 6 Text 0 0 ,First,#,R:\DATOS\0_URGENTE_TAREAS_VARIAS\MATRIZ_BDG\A_INFORMACION_HOMOLOGADA_CAMBIOS_ESTRUCTURA_NUEVA_BASE.gdb\Estratificacion\Manzana_estratificacion_A09011997,NORMATIVA,-1,-1;ACTO_ADMINISTRATIVO "Acto Administrativo" true true false 4 Text 0 0 ,First,#,R:\DATOS\0_URGENTE_TAREAS_VARIAS\MATRIZ_BDG\A_INFORMACION_HOMOLOGADA_CAMBIOS_ESTRUCTURA_NUEVA_BASE.gdb\Estratificacion\Manzana_estratificacion_A09011997,ACTO_ADMINISTRATIVO,-1,-1;NUMERO_ACTO_ADMINISTRATIVO "Número Acto Administrativo" true true false 4 Long 0 10 ,First,#,R:\DATOS\0_URGENTE_TAREAS_VARIAS\MATRIZ_BDG\A_INFORMACION_HOMOLOGADA_CAMBIOS_ESTRUCTURA_NUEVA_BASE.gdb\Estratificacion\Manzana_estratificacion_A09011997,NUMERO_ACTO_ADMINISTRATIVO,-1,-1;FECHA_ACTO_ADMINISTRATIVO "Fecha Acto Administrativo" true true false 36 Date 0 0 ,First,#,R:\DATOS\0_URGENTE_TAREAS_VARIAS\MATRIZ_BDG\A_INFORMACION_HOMOLOGADA_CAMBIOS_ESTRUCTURA_NUEVA_BASE.gdb\Estratificacion\Manzana_estratificacion_A09011997,FECHA_ACTO_ADMINISTRATIVO,-1,-1;ESCALA_CAPTURA "Escala Captura" true true false 10 Text 0 0 ,First,#,R:\DATOS\0_URGENTE_TAREAS_VARIAS\MATRIZ_BDG\A_INFORMACION_HOMOLOGADA_CAMBIOS_ESTRUCTURA_NUEVA_BASE.gdb\Estratificacion\Manzana_estratificacion_A09011997,ESCALA_CAPTURA,-1,-1;FECHA_CAPTURA "Fecha Captura" true true false 36 Date 0 0 ,First,#,R:\DATOS\0_URGENTE_TAREAS_VARIAS\MATRIZ_BDG\A_INFORMACION_HOMOLOGADA_CAMBIOS_ESTRUCTURA_NUEVA_BASE.gdb\Estratificacion\Manzana_estratificacion_A09011997,FECHA_CAPTURA,-1,-1;RESPONSABLE "Responsable" true true false 4 Text 0 0 ,First,#,R:\DATOS\0_URGENTE_TAREAS_VARIAS\MATRIZ_BDG\A_INFORMACION_HOMOLOGADA_CAMBIOS_ESTRUCTURA_NUEVA_BASE.gdb\Estratificacion\Manzana_estratificacion_A09011997,RESPONSABLE,-1,-1;SHAPE.AREA "SHAPE.AREA" false false true 0 Double 0 0 ,First,#;SHAPE.LEN "SHAPE.LEN" false false true 0 Double 0 0 ,First,#" #</Process><Process ToolSource="c:\program files (x86)\arcgis\desktop10.1\ArcToolbox\Toolboxes\Data Management Tools.tbx\DeleteFeatures" Date="20181031" Time="072228">DeleteFeatures "Database Connections\BDG-SDP.sde\ADMBDG.Estratificacion\ADMBDG.Manzana_estratificacion"</Process><Process ToolSource="c:\program files (x86)\arcgis\desktop10.1\ArcToolbox\Toolboxes\Data Management Tools.tbx\Append" Date="20181031" Time="084111">Append R:\DATOS\0_URGENTE_TAREAS_VARIAS\MATRIZ_BDG\A_INFORMACION_HOMOLOGADA_CAMBIOS_ESTRUCTURA_NUEVA_BASE.gdb\Estratificacion\Manzana_estratificacion_B08072002 "Database Connections\BDG-SDP.sde\ADMBDG.Estratificacion\ADMBDG.Manzana_estratificacion" NO_TEST "CODIGO_MANZANA "Identificador Único Código Manzana" true true false 9 Text 0 0 ,First,#,R:\DATOS\0_URGENTE_TAREAS_VARIAS\MATRIZ_BDG\A_INFORMACION_HOMOLOGADA_CAMBIOS_ESTRUCTURA_NUEVA_BASE.gdb\Estratificacion\Manzana_estratificacion_B08072002,CODIGO_MANZANA,-1,-1;ESTRATO "Estrato" true true false 2 Short 0 5 ,First,#,R:\DATOS\0_URGENTE_TAREAS_VARIAS\MATRIZ_BDG\A_INFORMACION_HOMOLOGADA_CAMBIOS_ESTRUCTURA_NUEVA_BASE.gdb\Estratificacion\Manzana_estratificacion_B08072002,ESTRATO,-1,-1;CODIGO_ZONA_ESTRATO "Código Zona Estrato" true true false 4 Long 0 10 ,First,#,R:\DATOS\0_URGENTE_TAREAS_VARIAS\MATRIZ_BDG\A_INFORMACION_HOMOLOGADA_CAMBIOS_ESTRUCTURA_NUEVA_BASE.gdb\Estratificacion\Manzana_estratificacion_B08072002,CODIGO_ZONA_ESTRATO,-1,-1;CODIGO_CRITERIO "Código Criterio" true true false 4 Text 0 0 ,First,#,R:\DATOS\0_URGENTE_TAREAS_VARIAS\MATRIZ_BDG\A_INFORMACION_HOMOLOGADA_CAMBIOS_ESTRUCTURA_NUEVA_BASE.gdb\Estratificacion\Manzana_estratificacion_B08072002,CODIGO_CRITERIO,-1,-1;NORMATIVA "Normativa" true true false 6 Text 0 0 ,First,#,R:\DATOS\0_URGENTE_TAREAS_VARIAS\MATRIZ_BDG\A_INFORMACION_HOMOLOGADA_CAMBIOS_ESTRUCTURA_NUEVA_BASE.gdb\Estratificacion\Manzana_estratificacion_B08072002,NORMATIVA,-1,-1;ACTO_ADMINISTRATIVO "Acto Administrativo" true true false 4 Text 0 0 ,First,#,R:\DATOS\0_URGENTE_TAREAS_VARIAS\MATRIZ_BDG\A_INFORMACION_HOMOLOGADA_CAMBIOS_ESTRUCTURA_NUEVA_BASE.gdb\Estratificacion\Manzana_estratificacion_B08072002,ACTO_ADMINISTRATIVO,-1,-1;NUMERO_ACTO_ADMINISTRATIVO "Número Acto Administrativo" true true false 4 Long 0 10 ,First,#,R:\DATOS\0_URGENTE_TAREAS_VARIAS\MATRIZ_BDG\A_INFORMACION_HOMOLOGADA_CAMBIOS_ESTRUCTURA_NUEVA_BASE.gdb\Estratificacion\Manzana_estratificacion_B08072002,NUMERO_ACTO_ADMINISTRATIVO,-1,-1;FECHA_ACTO_ADMINISTRATIVO "Fecha Acto Administrativo" true true false 36 Date 0 0 ,First,#,R:\DATOS\0_URGENTE_TAREAS_VARIAS\MATRIZ_BDG\A_INFORMACION_HOMOLOGADA_CAMBIOS_ESTRUCTURA_NUEVA_BASE.gdb\Estratificacion\Manzana_estratificacion_B08072002,FECHA_ACTO_ADMINISTRATIVO,-1,-1;ESCALA_CAPTURA "Escala Captura" true true false 10 Text 0 0 ,First,#,R:\DATOS\0_URGENTE_TAREAS_VARIAS\MATRIZ_BDG\A_INFORMACION_HOMOLOGADA_CAMBIOS_ESTRUCTURA_NUEVA_BASE.gdb\Estratificacion\Manzana_estratificacion_B08072002,ESCALA_CAPTURA,-1,-1;FECHA_CAPTURA "Fecha Captura" true true false 36 Date 0 0 ,First,#,R:\DATOS\0_URGENTE_TAREAS_VARIAS\MATRIZ_BDG\A_INFORMACION_HOMOLOGADA_CAMBIOS_ESTRUCTURA_NUEVA_BASE.gdb\Estratificacion\Manzana_estratificacion_B08072002,FECHA_CAPTURA,-1,-1;RESPONSABLE "Responsable" true true false 4 Text 0 0 ,First,#,R:\DATOS\0_URGENTE_TAREAS_VARIAS\MATRIZ_BDG\A_INFORMACION_HOMOLOGADA_CAMBIOS_ESTRUCTURA_NUEVA_BASE.gdb\Estratificacion\Manzana_estratificacion_B08072002,RESPONSABLE,-1,-1;SHAPE.AREA "SHAPE.AREA" false false true 0 Double 0 0 ,First,#;SHAPE.LEN "SHAPE.LEN" false false true 0 Double 0 0 ,First,#" #</Process><Process ToolSource="c:\program files (x86)\arcgis\desktop10.1\ArcToolbox\Toolboxes\Data Management Tools.tbx\DeleteFeatures" Date="20181031" Time="093222">DeleteFeatures "Database Connections\BDG-SDP.sde\ADMBDG.Estratificacion\ADMBDG.Manzana_estratificacion"</Process><Process ToolSource="c:\program files (x86)\arcgis\desktop10.1\ArcToolbox\Toolboxes\Data Management Tools.tbx\Append" Date="20181031" Time="103409">Append R:\DATOS\0_URGENTE_TAREAS_VARIAS\MATRIZ_BDG\A_INFORMACION_HOMOLOGADA_CAMBIOS_ESTRUCTURA_NUEVA_BASE.gdb\Estratificacion\Manzana_estratificacion_C30062004 "Database Connections\BDG-SDP.sde\ADMBDG.Estratificacion\ADMBDG.Manzana_estratificacion" NO_TEST "CODIGO_MANZANA "Identificador Único Código Manzana" true true false 9 Text 0 0 ,First,#,R:\DATOS\0_URGENTE_TAREAS_VARIAS\MATRIZ_BDG\A_INFORMACION_HOMOLOGADA_CAMBIOS_ESTRUCTURA_NUEVA_BASE.gdb\Estratificacion\Manzana_estratificacion_C30062004,CODIGO_MANZANA,-1,-1;ESTRATO "Estrato" true true false 2 Short 0 5 ,First,#,R:\DATOS\0_URGENTE_TAREAS_VARIAS\MATRIZ_BDG\A_INFORMACION_HOMOLOGADA_CAMBIOS_ESTRUCTURA_NUEVA_BASE.gdb\Estratificacion\Manzana_estratificacion_C30062004,ESTRATO,-1,-1;CODIGO_ZONA_ESTRATO "Código Zona Estrato" true true false 4 Long 0 10 ,First,#,R:\DATOS\0_URGENTE_TAREAS_VARIAS\MATRIZ_BDG\A_INFORMACION_HOMOLOGADA_CAMBIOS_ESTRUCTURA_NUEVA_BASE.gdb\Estratificacion\Manzana_estratificacion_C30062004,CODIGO_ZONA_ESTRATO,-1,-1;CODIGO_CRITERIO "Código Criterio" true true false 4 Text 0 0 ,First,#,R:\DATOS\0_URGENTE_TAREAS_VARIAS\MATRIZ_BDG\A_INFORMACION_HOMOLOGADA_CAMBIOS_ESTRUCTURA_NUEVA_BASE.gdb\Estratificacion\Manzana_estratificacion_C30062004,CODIGO_CRITERIO,-1,-1;NORMATIVA "Normativa" true true false 6 Text 0 0 ,First,#,R:\DATOS\0_URGENTE_TAREAS_VARIAS\MATRIZ_BDG\A_INFORMACION_HOMOLOGADA_CAMBIOS_ESTRUCTURA_NUEVA_BASE.gdb\Estratificacion\Manzana_estratificacion_C30062004,NORMATIVA,-1,-1;ACTO_ADMINISTRATIVO "Acto Administrativo" true true false 4 Text 0 0 ,First,#,R:\DATOS\0_URGENTE_TAREAS_VARIAS\MATRIZ_BDG\A_INFORMACION_HOMOLOGADA_CAMBIOS_ESTRUCTURA_NUEVA_BASE.gdb\Estratificacion\Manzana_estratificacion_C30062004,ACTO_ADMINISTRATIVO,-1,-1;NUMERO_ACTO_ADMINISTRATIVO "Número Acto Administrativo" true true false 4 Long 0 10 ,First,#,R:\DATOS\0_URGENTE_TAREAS_VARIAS\MATRIZ_BDG\A_INFORMACION_HOMOLOGADA_CAMBIOS_ESTRUCTURA_NUEVA_BASE.gdb\Estratificacion\Manzana_estratificacion_C30062004,NUMERO_ACTO_ADMINISTRATIVO,-1,-1;FECHA_ACTO_ADMINISTRATIVO "Fecha Acto Administrativo" true true false 36 Date 0 0 ,First,#,R:\DATOS\0_URGENTE_TAREAS_VARIAS\MATRIZ_BDG\A_INFORMACION_HOMOLOGADA_CAMBIOS_ESTRUCTURA_NUEVA_BASE.gdb\Estratificacion\Manzana_estratificacion_C30062004,FECHA_ACTO_ADMINISTRATIVO,-1,-1;ESCALA_CAPTURA "Escala Captura" true true false 10 Text 0 0 ,First,#,R:\DATOS\0_URGENTE_TAREAS_VARIAS\MATRIZ_BDG\A_INFORMACION_HOMOLOGADA_CAMBIOS_ESTRUCTURA_NUEVA_BASE.gdb\Estratificacion\Manzana_estratificacion_C30062004,ESCALA_CAPTURA,-1,-1;FECHA_CAPTURA "Fecha Captura" true true false 36 Date 0 0 ,First,#,R:\DATOS\0_URGENTE_TAREAS_VARIAS\MATRIZ_BDG\A_INFORMACION_HOMOLOGADA_CAMBIOS_ESTRUCTURA_NUEVA_BASE.gdb\Estratificacion\Manzana_estratificacion_C30062004,FECHA_CAPTURA,-1,-1;RESPONSABLE "Responsable" true true false 4 Text 0 0 ,First,#,R:\DATOS\0_URGENTE_TAREAS_VARIAS\MATRIZ_BDG\A_INFORMACION_HOMOLOGADA_CAMBIOS_ESTRUCTURA_NUEVA_BASE.gdb\Estratificacion\Manzana_estratificacion_C30062004,RESPONSABLE,-1,-1;SHAPE.AREA "SHAPE.AREA" false false true 0 Double 0 0 ,First,#;SHAPE.LEN "SHAPE.LEN" false false true 0 Double 0 0 ,First,#" #</Process><Process ToolSource="c:\program files (x86)\arcgis\desktop10.1\ArcToolbox\Toolboxes\Data Management Tools.tbx\DeleteFeatures" Date="20181031" Time="120828">DeleteFeatures "Database Connections\BDG-SDP.sde\ADMBDG.Estratificacion\ADMBDG.Manzana_estratificacion"</Process><Process ToolSource="c:\program files (x86)\arcgis\desktop10.1\ArcToolbox\Toolboxes\Data Management Tools.tbx\Append" Date="20181031" Time="141416">Append R:\DATOS\0_URGENTE_TAREAS_VARIAS\MATRIZ_BDG\A_INFORMACION_HOMOLOGADA_CAMBIOS_ESTRUCTURA_NUEVA_BASE.gdb\Estratificacion\Manzana_estratificacion_D01022008 "Database Connections\BDG-SDP.sde\ADMBDG.Estratificacion\ADMBDG.Manzana_estratificacion" NO_TEST "CODIGO_MANZANA "Identificador Único Código Manzana" true true false 9 Text 0 0 ,First,#,R:\DATOS\0_URGENTE_TAREAS_VARIAS\MATRIZ_BDG\A_INFORMACION_HOMOLOGADA_CAMBIOS_ESTRUCTURA_NUEVA_BASE.gdb\Estratificacion\Manzana_estratificacion_D01022008,CODIGO_MANZANA,-1,-1;ESTRATO "Estrato" true true false 2 Short 0 5 ,First,#,R:\DATOS\0_URGENTE_TAREAS_VARIAS\MATRIZ_BDG\A_INFORMACION_HOMOLOGADA_CAMBIOS_ESTRUCTURA_NUEVA_BASE.gdb\Estratificacion\Manzana_estratificacion_D01022008,ESTRATO,-1,-1;CODIGO_ZONA_ESTRATO "Código Zona Estrato" true true false 4 Long 0 10 ,First,#;CODIGO_CRITERIO "Código Criterio" true true false 4 Text 0 0 ,First,#,R:\DATOS\0_URGENTE_TAREAS_VARIAS\MATRIZ_BDG\A_INFORMACION_HOMOLOGADA_CAMBIOS_ESTRUCTURA_NUEVA_BASE.gdb\Estratificacion\Manzana_estratificacion_D01022008,CODIGO_CRITERIO,-1,-1;NORMATIVA "Normativa" true true false 6 Text 0 0 ,First,#,R:\DATOS\0_URGENTE_TAREAS_VARIAS\MATRIZ_BDG\A_INFORMACION_HOMOLOGADA_CAMBIOS_ESTRUCTURA_NUEVA_BASE.gdb\Estratificacion\Manzana_estratificacion_D01022008,NORMATIVA,-1,-1;ACTO_ADMINISTRATIVO "Acto Administrativo" true true false 4 Text 0 0 ,First,#,R:\DATOS\0_URGENTE_TAREAS_VARIAS\MATRIZ_BDG\A_INFORMACION_HOMOLOGADA_CAMBIOS_ESTRUCTURA_NUEVA_BASE.gdb\Estratificacion\Manzana_estratificacion_D01022008,ACTO_ADMINISTRATIVO,-1,-1;NUMERO_ACTO_ADMINISTRATIVO "Número Acto Administrativo" true true false 4 Long 0 10 ,First,#,R:\DATOS\0_URGENTE_TAREAS_VARIAS\MATRIZ_BDG\A_INFORMACION_HOMOLOGADA_CAMBIOS_ESTRUCTURA_NUEVA_BASE.gdb\Estratificacion\Manzana_estratificacion_D01022008,NUMERO_ACTO_ADMINISTRATIVO,-1,-1;FECHA_ACTO_ADMINISTRATIVO "Fecha Acto Administrativo" true true false 36 Date 0 0 ,First,#,R:\DATOS\0_URGENTE_TAREAS_VARIAS\MATRIZ_BDG\A_INFORMACION_HOMOLOGADA_CAMBIOS_ESTRUCTURA_NUEVA_BASE.gdb\Estratificacion\Manzana_estratificacion_D01022008,FECHA_ACTO_ADMINISTRATIVO,-1,-1;ESCALA_CAPTURA "Escala Captura" true true false 10 Text 0 0 ,First,#,R:\DATOS\0_URGENTE_TAREAS_VARIAS\MATRIZ_BDG\A_INFORMACION_HOMOLOGADA_CAMBIOS_ESTRUCTURA_NUEVA_BASE.gdb\Estratificacion\Manzana_estratificacion_D01022008,ESCALA_CAPTURA,-1,-1;FECHA_CAPTURA "Fecha Captura" true true false 36 Date 0 0 ,First,#,R:\DATOS\0_URGENTE_TAREAS_VARIAS\MATRIZ_BDG\A_INFORMACION_HOMOLOGADA_CAMBIOS_ESTRUCTURA_NUEVA_BASE.gdb\Estratificacion\Manzana_estratificacion_D01022008,FECHA_CAPTURA,-1,-1;RESPONSABLE "Responsable" true true false 4 Text 0 0 ,First,#,R:\DATOS\0_URGENTE_TAREAS_VARIAS\MATRIZ_BDG\A_INFORMACION_HOMOLOGADA_CAMBIOS_ESTRUCTURA_NUEVA_BASE.gdb\Estratificacion\Manzana_estratificacion_D01022008,RESPONSABLE,-1,-1;SHAPE.AREA "SHAPE.AREA" false false true 0 Double 0 0 ,First,#;SHAPE.LEN "SHAPE.LEN" false false true 0 Double 0 0 ,First,#" #</Process><Process ToolSource="c:\program files (x86)\arcgis\desktop10.1\ArcToolbox\Toolboxes\Data Management Tools.tbx\DeleteFeatures" Date="20181101" Time="064834">DeleteFeatures "Database Connections\BDG-SDP.sde\ADMBDG.Estratificacion\ADMBDG.Manzana_estratificacion"</Process><Process ToolSource="c:\program files (x86)\arcgis\desktop10.1\ArcToolbox\Toolboxes\Data Management Tools.tbx\Append" Date="20181101" Time="065514">Append R:\DATOS\0_URGENTE_TAREAS_VARIAS\MATRIZ_BDG\A_INFORMACION_HOMOLOGADA_CAMBIOS_ESTRUCTURA_NUEVA_BASE.gdb\Estratificacion\Manzana_estratificacion_E12012009 "Database Connections\BDG-SDP.sde\ADMBDG.Estratificacion\ADMBDG.Manzana_estratificacion" NO_TEST "CODIGO_MANZANA "Identificador Único Código Manzana" true true false 9 Text 0 0 ,First,#,R:\DATOS\0_URGENTE_TAREAS_VARIAS\MATRIZ_BDG\A_INFORMACION_HOMOLOGADA_CAMBIOS_ESTRUCTURA_NUEVA_BASE.gdb\Estratificacion\Manzana_estratificacion_E12012009,CODIGO_MANZANA,-1,-1;ESTRATO "Estrato" true true false 2 Short 0 5 ,First,#,R:\DATOS\0_URGENTE_TAREAS_VARIAS\MATRIZ_BDG\A_INFORMACION_HOMOLOGADA_CAMBIOS_ESTRUCTURA_NUEVA_BASE.gdb\Estratificacion\Manzana_estratificacion_E12012009,ESTRATO,-1,-1;CODIGO_ZONA_ESTRATO "Código Zona Estrato" true true false 4 Long 0 10 ,First,#;CODIGO_CRITERIO "Código Criterio" true true false 4 Text 0 0 ,First,#,R:\DATOS\0_URGENTE_TAREAS_VARIAS\MATRIZ_BDG\A_INFORMACION_HOMOLOGADA_CAMBIOS_ESTRUCTURA_NUEVA_BASE.gdb\Estratificacion\Manzana_estratificacion_E12012009,CODIGO_CRITERIO,-1,-1;NORMATIVA "Normativa" true true false 6 Text 0 0 ,First,#,R:\DATOS\0_URGENTE_TAREAS_VARIAS\MATRIZ_BDG\A_INFORMACION_HOMOLOGADA_CAMBIOS_ESTRUCTURA_NUEVA_BASE.gdb\Estratificacion\Manzana_estratificacion_E12012009,NORMATIVA,-1,-1;ACTO_ADMINISTRATIVO "Acto Administrativo" true true false 4 Text 0 0 ,First,#,R:\DATOS\0_URGENTE_TAREAS_VARIAS\MATRIZ_BDG\A_INFORMACION_HOMOLOGADA_CAMBIOS_ESTRUCTURA_NUEVA_BASE.gdb\Estratificacion\Manzana_estratificacion_E12012009,ACTO_ADMINISTRATIVO,-1,-1;NUMERO_ACTO_ADMINISTRATIVO "Número Acto Administrativo" true true false 4 Long 0 10 ,First,#,R:\DATOS\0_URGENTE_TAREAS_VARIAS\MATRIZ_BDG\A_INFORMACION_HOMOLOGADA_CAMBIOS_ESTRUCTURA_NUEVA_BASE.gdb\Estratificacion\Manzana_estratificacion_E12012009,NUMERO_ACTO_ADMINISTRATIVO,-1,-1;FECHA_ACTO_ADMINISTRATIVO "Fecha Acto Administrativo" true true false 36 Date 0 0 ,First,#,R:\DATOS\0_URGENTE_TAREAS_VARIAS\MATRIZ_BDG\A_INFORMACION_HOMOLOGADA_CAMBIOS_ESTRUCTURA_NUEVA_BASE.gdb\Estratificacion\Manzana_estratificacion_E12012009,FECHA_ACTO_ADMINISTRATIVO,-1,-1;ESCALA_CAPTURA "Escala Captura" true true false 10 Text 0 0 ,First,#,R:\DATOS\0_URGENTE_TAREAS_VARIAS\MATRIZ_BDG\A_INFORMACION_HOMOLOGADA_CAMBIOS_ESTRUCTURA_NUEVA_BASE.gdb\Estratificacion\Manzana_estratificacion_E12012009,ESCALA_CAPTURA,-1,-1;FECHA_CAPTURA "Fecha Captura" true true false 36 Date 0 0 ,First,#,R:\DATOS\0_URGENTE_TAREAS_VARIAS\MATRIZ_BDG\A_INFORMACION_HOMOLOGADA_CAMBIOS_ESTRUCTURA_NUEVA_BASE.gdb\Estratificacion\Manzana_estratificacion_E12012009,FECHA_CAPTURA,-1,-1;RESPONSABLE "Responsable" true true false 4 Text 0 0 ,First,#,R:\DATOS\0_URGENTE_TAREAS_VARIAS\MATRIZ_BDG\A_INFORMACION_HOMOLOGADA_CAMBIOS_ESTRUCTURA_NUEVA_BASE.gdb\Estratificacion\Manzana_estratificacion_E12012009,RESPONSABLE,-1,-1;SHAPE.AREA "SHAPE.AREA" false false true 0 Double 0 0 ,First,#;SHAPE.LEN "SHAPE.LEN" false false true 0 Double 0 0 ,First,#" #</Process><Process ToolSource="c:\program files (x86)\arcgis\desktop10.1\ArcToolbox\Toolboxes\Data Management Tools.tbx\DeleteFeatures" Date="20181101" Time="065704">DeleteFeatures "Database Connections\BDG-SDP.sde\ADMBDG.Estratificacion\ADMBDG.Manzana_estratificacion"</Process><Process ToolSource="c:\program files (x86)\arcgis\desktop10.1\ArcToolbox\Toolboxes\Data Management Tools.tbx\Append" Date="20181102" Time="065313">Append R:\DATOS\0_URGENTE_TAREAS_VARIAS\MATRIZ_BDG\A_INFORMACION_HOMOLOGADA_CAMBIOS_ESTRUCTURA_NUEVA_BASE.gdb\Estratificacion\Manzana_estratificacion_A09011997 "Database Connections\BDG-SDP.sde\ADMBDG.Estratificacion\ADMBDG.Manzana_estratificacion" NO_TEST "CODIGO_MANZANA "Identificador Único Código Manzana" true true false 9 Text 0 0 ,First,#,R:\DATOS\0_URGENTE_TAREAS_VARIAS\MATRIZ_BDG\A_INFORMACION_HOMOLOGADA_CAMBIOS_ESTRUCTURA_NUEVA_BASE.gdb\Estratificacion\Manzana_estratificacion_A09011997,CODIGO_MANZANA,-1,-1;ESTRATO "Estrato" true true false 2 Short 0 5 ,First,#,R:\DATOS\0_URGENTE_TAREAS_VARIAS\MATRIZ_BDG\A_INFORMACION_HOMOLOGADA_CAMBIOS_ESTRUCTURA_NUEVA_BASE.gdb\Estratificacion\Manzana_estratificacion_A09011997,ESTRATO,-1,-1;CODIGO_ZONA_ESTRATO "Código Zona Estrato" true true false 4 Long 0 10 ,First,#,R:\DATOS\0_URGENTE_TAREAS_VARIAS\MATRIZ_BDG\A_INFORMACION_HOMOLOGADA_CAMBIOS_ESTRUCTURA_NUEVA_BASE.gdb\Estratificacion\Manzana_estratificacion_A09011997,CODIGO_ZONA_ESTRATO,-1,-1;CODIGO_CRITERIO "Código Criterio" true true false 4 Text 0 0 ,First,#,R:\DATOS\0_URGENTE_TAREAS_VARIAS\MATRIZ_BDG\A_INFORMACION_HOMOLOGADA_CAMBIOS_ESTRUCTURA_NUEVA_BASE.gdb\Estratificacion\Manzana_estratificacion_A09011997,CODIGO_CRITERIO,-1,-1;NORMATIVA "Normativa" true true false 6 Text 0 0 ,First,#,R:\DATOS\0_URGENTE_TAREAS_VARIAS\MATRIZ_BDG\A_INFORMACION_HOMOLOGADA_CAMBIOS_ESTRUCTURA_NUEVA_BASE.gdb\Estratificacion\Manzana_estratificacion_A09011997,NORMATIVA,-1,-1;ACTO_ADMINISTRATIVO "Acto Administrativo" true true false 4 Text 0 0 ,First,#,R:\DATOS\0_URGENTE_TAREAS_VARIAS\MATRIZ_BDG\A_INFORMACION_HOMOLOGADA_CAMBIOS_ESTRUCTURA_NUEVA_BASE.gdb\Estratificacion\Manzana_estratificacion_A09011997,ACTO_ADMINISTRATIVO,-1,-1;NUMERO_ACTO_ADMINISTRATIVO "Número Acto Administrativo" true true false 4 Long 0 10 ,First,#,R:\DATOS\0_URGENTE_TAREAS_VARIAS\MATRIZ_BDG\A_INFORMACION_HOMOLOGADA_CAMBIOS_ESTRUCTURA_NUEVA_BASE.gdb\Estratificacion\Manzana_estratificacion_A09011997,NUMERO_ACTO_ADMINISTRATIVO,-1,-1;FECHA_ACTO_ADMINISTRATIVO "Fecha Acto Administrativo" true true false 36 Date 0 0 ,First,#,R:\DATOS\0_URGENTE_TAREAS_VARIAS\MATRIZ_BDG\A_INFORMACION_HOMOLOGADA_CAMBIOS_ESTRUCTURA_NUEVA_BASE.gdb\Estratificacion\Manzana_estratificacion_A09011997,FECHA_ACTO_ADMINISTRATIVO,-1,-1;ESCALA_CAPTURA "Escala Captura" true true false 10 Text 0 0 ,First,#,R:\DATOS\0_URGENTE_TAREAS_VARIAS\MATRIZ_BDG\A_INFORMACION_HOMOLOGADA_CAMBIOS_ESTRUCTURA_NUEVA_BASE.gdb\Estratificacion\Manzana_estratificacion_A09011997,ESCALA_CAPTURA,-1,-1;FECHA_CAPTURA "Fecha Captura" true true false 36 Date 0 0 ,First,#,R:\DATOS\0_URGENTE_TAREAS_VARIAS\MATRIZ_BDG\A_INFORMACION_HOMOLOGADA_CAMBIOS_ESTRUCTURA_NUEVA_BASE.gdb\Estratificacion\Manzana_estratificacion_A09011997,FECHA_CAPTURA,-1,-1;RESPONSABLE "Responsable" true true false 4 Text 0 0 ,First,#,R:\DATOS\0_URGENTE_TAREAS_VARIAS\MATRIZ_BDG\A_INFORMACION_HOMOLOGADA_CAMBIOS_ESTRUCTURA_NUEVA_BASE.gdb\Estratificacion\Manzana_estratificacion_A09011997,RESPONSABLE,-1,-1;SHAPE.AREA "SHAPE.AREA" false false true 0 Double 0 0 ,First,#;SHAPE.LEN "SHAPE.LEN" false false true 0 Double 0 0 ,First,#" #</Process><Process ToolSource="c:\program files (x86)\arcgis\desktop10.1\ArcToolbox\Toolboxes\Data Management Tools.tbx\DeleteFeatures" Date="20181102" Time="065600">DeleteFeatures "Database Connections\BDG-SDP.sde\ADMBDG.Estratificacion\ADMBDG.Manzana_estratificacion"</Process><Process ToolSource="c:\program files (x86)\arcgis\desktop10.1\ArcToolbox\Toolboxes\Data Management Tools.tbx\Append" Date="20181102" Time="070029">Append R:\DATOS\0_URGENTE_TAREAS_VARIAS\MATRIZ_BDG\A_INFORMACION_HOMOLOGADA_CAMBIOS_ESTRUCTURA_NUEVA_BASE.gdb\Estratificacion\Manzana_estratificacion_B08072002 "Database Connections\BDG-SDP.sde\ADMBDG.Estratificacion\ADMBDG.Manzana_estratificacion" NO_TEST "CODIGO_MANZANA "Identificador Único Código Manzana" true true false 9 Text 0 0 ,First,#,R:\DATOS\0_URGENTE_TAREAS_VARIAS\MATRIZ_BDG\A_INFORMACION_HOMOLOGADA_CAMBIOS_ESTRUCTURA_NUEVA_BASE.gdb\Estratificacion\Manzana_estratificacion_B08072002,CODIGO_MANZANA,-1,-1;ESTRATO "Estrato" true true false 2 Short 0 5 ,First,#,R:\DATOS\0_URGENTE_TAREAS_VARIAS\MATRIZ_BDG\A_INFORMACION_HOMOLOGADA_CAMBIOS_ESTRUCTURA_NUEVA_BASE.gdb\Estratificacion\Manzana_estratificacion_B08072002,ESTRATO,-1,-1;CODIGO_ZONA_ESTRATO "Código Zona Estrato" true true false 4 Long 0 10 ,First,#,R:\DATOS\0_URGENTE_TAREAS_VARIAS\MATRIZ_BDG\A_INFORMACION_HOMOLOGADA_CAMBIOS_ESTRUCTURA_NUEVA_BASE.gdb\Estratificacion\Manzana_estratificacion_B08072002,CODIGO_ZONA_ESTRATO,-1,-1;CODIGO_CRITERIO "Código Criterio" true true false 4 Text 0 0 ,First,#,R:\DATOS\0_URGENTE_TAREAS_VARIAS\MATRIZ_BDG\A_INFORMACION_HOMOLOGADA_CAMBIOS_ESTRUCTURA_NUEVA_BASE.gdb\Estratificacion\Manzana_estratificacion_B08072002,CODIGO_CRITERIO,-1,-1;NORMATIVA "Normativa" true true false 6 Text 0 0 ,First,#,R:\DATOS\0_URGENTE_TAREAS_VARIAS\MATRIZ_BDG\A_INFORMACION_HOMOLOGADA_CAMBIOS_ESTRUCTURA_NUEVA_BASE.gdb\Estratificacion\Manzana_estratificacion_B08072002,NORMATIVA,-1,-1;ACTO_ADMINISTRATIVO "Acto Administrativo" true true false 4 Text 0 0 ,First,#,R:\DATOS\0_URGENTE_TAREAS_VARIAS\MATRIZ_BDG\A_INFORMACION_HOMOLOGADA_CAMBIOS_ESTRUCTURA_NUEVA_BASE.gdb\Estratificacion\Manzana_estratificacion_B08072002,ACTO_ADMINISTRATIVO,-1,-1;NUMERO_ACTO_ADMINISTRATIVO "Número Acto Administrativo" true true false 4 Long 0 10 ,First,#,R:\DATOS\0_URGENTE_TAREAS_VARIAS\MATRIZ_BDG\A_INFORMACION_HOMOLOGADA_CAMBIOS_ESTRUCTURA_NUEVA_BASE.gdb\Estratificacion\Manzana_estratificacion_B08072002,NUMERO_ACTO_ADMINISTRATIVO,-1,-1;FECHA_ACTO_ADMINISTRATIVO "Fecha Acto Administrativo" true true false 36 Date 0 0 ,First,#,R:\DATOS\0_URGENTE_TAREAS_VARIAS\MATRIZ_BDG\A_INFORMACION_HOMOLOGADA_CAMBIOS_ESTRUCTURA_NUEVA_BASE.gdb\Estratificacion\Manzana_estratificacion_B08072002,FECHA_ACTO_ADMINISTRATIVO,-1,-1;ESCALA_CAPTURA "Escala Captura" true true false 10 Text 0 0 ,First,#,R:\DATOS\0_URGENTE_TAREAS_VARIAS\MATRIZ_BDG\A_INFORMACION_HOMOLOGADA_CAMBIOS_ESTRUCTURA_NUEVA_BASE.gdb\Estratificacion\Manzana_estratificacion_B08072002,ESCALA_CAPTURA,-1,-1;FECHA_CAPTURA "Fecha Captura" true true false 36 Date 0 0 ,First,#,R:\DATOS\0_URGENTE_TAREAS_VARIAS\MATRIZ_BDG\A_INFORMACION_HOMOLOGADA_CAMBIOS_ESTRUCTURA_NUEVA_BASE.gdb\Estratificacion\Manzana_estratificacion_B08072002,FECHA_CAPTURA,-1,-1;RESPONSABLE "Responsable" true true false 4 Text 0 0 ,First,#,R:\DATOS\0_URGENTE_TAREAS_VARIAS\MATRIZ_BDG\A_INFORMACION_HOMOLOGADA_CAMBIOS_ESTRUCTURA_NUEVA_BASE.gdb\Estratificacion\Manzana_estratificacion_B08072002,RESPONSABLE,-1,-1;SHAPE.AREA "SHAPE.AREA" false false true 0 Double 0 0 ,First,#;SHAPE.LEN "SHAPE.LEN" false false true 0 Double 0 0 ,First,#" #</Process><Process ToolSource="c:\program files (x86)\arcgis\desktop10.1\ArcToolbox\Toolboxes\Data Management Tools.tbx\DeleteFeatures" Date="20181102" Time="070807">DeleteFeatures "Database Connections\BDG-SDP.sde\ADMBDG.Estratificacion\ADMBDG.Manzana_estratificacion"</Process><Process ToolSource="c:\program files (x86)\arcgis\desktop10.1\ArcToolbox\Toolboxes\Data Management Tools.tbx\Append" Date="20181102" Time="071314">Append R:\DATOS\0_URGENTE_TAREAS_VARIAS\MATRIZ_BDG\A_INFORMACION_HOMOLOGADA_CAMBIOS_ESTRUCTURA_NUEVA_BASE.gdb\Estratificacion\Manzana_estratificacion_C30062004 "Database Connections\BDG-SDP.sde\ADMBDG.Estratificacion\ADMBDG.Manzana_estratificacion" NO_TEST "CODIGO_MANZANA "Identificador Único Código Manzana" true true false 9 Text 0 0 ,First,#,R:\DATOS\0_URGENTE_TAREAS_VARIAS\MATRIZ_BDG\A_INFORMACION_HOMOLOGADA_CAMBIOS_ESTRUCTURA_NUEVA_BASE.gdb\Estratificacion\Manzana_estratificacion_C30062004,CODIGO_MANZANA,-1,-1;ESTRATO "Estrato" true true false 2 Short 0 5 ,First,#,R:\DATOS\0_URGENTE_TAREAS_VARIAS\MATRIZ_BDG\A_INFORMACION_HOMOLOGADA_CAMBIOS_ESTRUCTURA_NUEVA_BASE.gdb\Estratificacion\Manzana_estratificacion_C30062004,ESTRATO,-1,-1;CODIGO_ZONA_ESTRATO "Código Zona Estrato" true true false 4 Long 0 10 ,First,#,R:\DATOS\0_URGENTE_TAREAS_VARIAS\MATRIZ_BDG\A_INFORMACION_HOMOLOGADA_CAMBIOS_ESTRUCTURA_NUEVA_BASE.gdb\Estratificacion\Manzana_estratificacion_C30062004,CODIGO_ZONA_ESTRATO,-1,-1;CODIGO_CRITERIO "Código Criterio" true true false 4 Text 0 0 ,First,#,R:\DATOS\0_URGENTE_TAREAS_VARIAS\MATRIZ_BDG\A_INFORMACION_HOMOLOGADA_CAMBIOS_ESTRUCTURA_NUEVA_BASE.gdb\Estratificacion\Manzana_estratificacion_C30062004,CODIGO_CRITERIO,-1,-1;NORMATIVA "Normativa" true true false 6 Text 0 0 ,First,#,R:\DATOS\0_URGENTE_TAREAS_VARIAS\MATRIZ_BDG\A_INFORMACION_HOMOLOGADA_CAMBIOS_ESTRUCTURA_NUEVA_BASE.gdb\Estratificacion\Manzana_estratificacion_C30062004,NORMATIVA,-1,-1;ACTO_ADMINISTRATIVO "Acto Administrativo" true true false 4 Text 0 0 ,First,#,R:\DATOS\0_URGENTE_TAREAS_VARIAS\MATRIZ_BDG\A_INFORMACION_HOMOLOGADA_CAMBIOS_ESTRUCTURA_NUEVA_BASE.gdb\Estratificacion\Manzana_estratificacion_C30062004,ACTO_ADMINISTRATIVO,-1,-1;NUMERO_ACTO_ADMINISTRATIVO "Número Acto Administrativo" true true false 4 Long 0 10 ,First,#,R:\DATOS\0_URGENTE_TAREAS_VARIAS\MATRIZ_BDG\A_INFORMACION_HOMOLOGADA_CAMBIOS_ESTRUCTURA_NUEVA_BASE.gdb\Estratificacion\Manzana_estratificacion_C30062004,NUMERO_ACTO_ADMINISTRATIVO,-1,-1;FECHA_ACTO_ADMINISTRATIVO "Fecha Acto Administrativo" true true false 36 Date 0 0 ,First,#,R:\DATOS\0_URGENTE_TAREAS_VARIAS\MATRIZ_BDG\A_INFORMACION_HOMOLOGADA_CAMBIOS_ESTRUCTURA_NUEVA_BASE.gdb\Estratificacion\Manzana_estratificacion_C30062004,FECHA_ACTO_ADMINISTRATIVO,-1,-1;ESCALA_CAPTURA "Escala Captura" true true false 10 Text 0 0 ,First,#,R:\DATOS\0_URGENTE_TAREAS_VARIAS\MATRIZ_BDG\A_INFORMACION_HOMOLOGADA_CAMBIOS_ESTRUCTURA_NUEVA_BASE.gdb\Estratificacion\Manzana_estratificacion_C30062004,ESCALA_CAPTURA,-1,-1;FECHA_CAPTURA "Fecha Captura" true true false 36 Date 0 0 ,First,#,R:\DATOS\0_URGENTE_TAREAS_VARIAS\MATRIZ_BDG\A_INFORMACION_HOMOLOGADA_CAMBIOS_ESTRUCTURA_NUEVA_BASE.gdb\Estratificacion\Manzana_estratificacion_C30062004,FECHA_CAPTURA,-1,-1;RESPONSABLE "Responsable" true true false 4 Text 0 0 ,First,#,R:\DATOS\0_URGENTE_TAREAS_VARIAS\MATRIZ_BDG\A_INFORMACION_HOMOLOGADA_CAMBIOS_ESTRUCTURA_NUEVA_BASE.gdb\Estratificacion\Manzana_estratificacion_C30062004,RESPONSABLE,-1,-1;SHAPE.AREA "SHAPE.AREA" false false true 0 Double 0 0 ,First,#;SHAPE.LEN "SHAPE.LEN" false false true 0 Double 0 0 ,First,#" #</Process><Process ToolSource="c:\program files (x86)\arcgis\desktop10.1\ArcToolbox\Toolboxes\Data Management Tools.tbx\DeleteFeatures" Date="20181102" Time="071814">DeleteFeatures "Database Connections\BDG-SDP.sde\ADMBDG.Estratificacion\ADMBDG.Manzana_estratificacion"</Process><Process ToolSource="c:\program files (x86)\arcgis\desktop10.1\ArcToolbox\Toolboxes\Data Management Tools.tbx\Append" Date="20181102" Time="072313">Append R:\DATOS\0_URGENTE_TAREAS_VARIAS\MATRIZ_BDG\A_INFORMACION_HOMOLOGADA_CAMBIOS_ESTRUCTURA_NUEVA_BASE.gdb\Estratificacion\Manzana_estratificacion_C30062004 "Database Connections\BDG-SDP.sde\ADMBDG.Estratificacion\ADMBDG.Manzana_estratificacion" NO_TEST "CODIGO_MANZANA "Identificador Único Código Manzana" true true false 9 Text 0 0 ,First,#,R:\DATOS\0_URGENTE_TAREAS_VARIAS\MATRIZ_BDG\A_INFORMACION_HOMOLOGADA_CAMBIOS_ESTRUCTURA_NUEVA_BASE.gdb\Estratificacion\Manzana_estratificacion_C30062004,CODIGO_MANZANA,-1,-1;ESTRATO "Estrato" true true false 2 Short 0 5 ,First,#,R:\DATOS\0_URGENTE_TAREAS_VARIAS\MATRIZ_BDG\A_INFORMACION_HOMOLOGADA_CAMBIOS_ESTRUCTURA_NUEVA_BASE.gdb\Estratificacion\Manzana_estratificacion_C30062004,ESTRATO,-1,-1;CODIGO_ZONA_ESTRATO "Código Zona Estrato" true true false 4 Long 0 10 ,First,#,R:\DATOS\0_URGENTE_TAREAS_VARIAS\MATRIZ_BDG\A_INFORMACION_HOMOLOGADA_CAMBIOS_ESTRUCTURA_NUEVA_BASE.gdb\Estratificacion\Manzana_estratificacion_C30062004,CODIGO_ZONA_ESTRATO,-1,-1;CODIGO_CRITERIO "Código Criterio" true true false 4 Text 0 0 ,First,#,R:\DATOS\0_URGENTE_TAREAS_VARIAS\MATRIZ_BDG\A_INFORMACION_HOMOLOGADA_CAMBIOS_ESTRUCTURA_NUEVA_BASE.gdb\Estratificacion\Manzana_estratificacion_C30062004,CODIGO_CRITERIO,-1,-1;NORMATIVA "Normativa" true true false 6 Text 0 0 ,First,#,R:\DATOS\0_URGENTE_TAREAS_VARIAS\MATRIZ_BDG\A_INFORMACION_HOMOLOGADA_CAMBIOS_ESTRUCTURA_NUEVA_BASE.gdb\Estratificacion\Manzana_estratificacion_C30062004,NORMATIVA,-1,-1;ACTO_ADMINISTRATIVO "Acto Administrativo" true true false 4 Text 0 0 ,First,#,R:\DATOS\0_URGENTE_TAREAS_VARIAS\MATRIZ_BDG\A_INFORMACION_HOMOLOGADA_CAMBIOS_ESTRUCTURA_NUEVA_BASE.gdb\Estratificacion\Manzana_estratificacion_C30062004,ACTO_ADMINISTRATIVO,-1,-1;NUMERO_ACTO_ADMINISTRATIVO "Número Acto Administrativo" true true false 4 Long 0 10 ,First,#,R:\DATOS\0_URGENTE_TAREAS_VARIAS\MATRIZ_BDG\A_INFORMACION_HOMOLOGADA_CAMBIOS_ESTRUCTURA_NUEVA_BASE.gdb\Estratificacion\Manzana_estratificacion_C30062004,NUMERO_ACTO_ADMINISTRATIVO,-1,-1;FECHA_ACTO_ADMINISTRATIVO "Fecha Acto Administrativo" true true false 36 Date 0 0 ,First,#,R:\DATOS\0_URGENTE_TAREAS_VARIAS\MATRIZ_BDG\A_INFORMACION_HOMOLOGADA_CAMBIOS_ESTRUCTURA_NUEVA_BASE.gdb\Estratificacion\Manzana_estratificacion_C30062004,FECHA_ACTO_ADMINISTRATIVO,-1,-1;ESCALA_CAPTURA "Escala Captura" true true false 10 Text 0 0 ,First,#,R:\DATOS\0_URGENTE_TAREAS_VARIAS\MATRIZ_BDG\A_INFORMACION_HOMOLOGADA_CAMBIOS_ESTRUCTURA_NUEVA_BASE.gdb\Estratificacion\Manzana_estratificacion_C30062004,ESCALA_CAPTURA,-1,-1;FECHA_CAPTURA "Fecha Captura" true true false 36 Date 0 0 ,First,#,R:\DATOS\0_URGENTE_TAREAS_VARIAS\MATRIZ_BDG\A_INFORMACION_HOMOLOGADA_CAMBIOS_ESTRUCTURA_NUEVA_BASE.gdb\Estratificacion\Manzana_estratificacion_C30062004,FECHA_CAPTURA,-1,-1;RESPONSABLE "Responsable" true true false 4 Text 0 0 ,First,#,R:\DATOS\0_URGENTE_TAREAS_VARIAS\MATRIZ_BDG\A_INFORMACION_HOMOLOGADA_CAMBIOS_ESTRUCTURA_NUEVA_BASE.gdb\Estratificacion\Manzana_estratificacion_C30062004,RESPONSABLE,-1,-1;SHAPE.AREA "SHAPE.AREA" false false true 0 Double 0 0 ,First,#;SHAPE.LEN "SHAPE.LEN" false false true 0 Double 0 0 ,First,#" #</Process><Process ToolSource="c:\program files (x86)\arcgis\desktop10.1\ArcToolbox\Toolboxes\Data Management Tools.tbx\DeleteFeatures" Date="20181102" Time="072545">DeleteFeatures "Database Connections\BDG-SDP.sde\ADMBDG.Estratificacion\ADMBDG.Manzana_estratificacion"</Process><Process ToolSource="c:\program files (x86)\arcgis\desktop10.1\ArcToolbox\Toolboxes\Data Management Tools.tbx\Append" Date="20181102" Time="073743">Append R:\DATOS\0_URGENTE_TAREAS_VARIAS\MATRIZ_BDG\A_INFORMACION_HOMOLOGADA_CAMBIOS_ESTRUCTURA_NUEVA_BASE.gdb\Estratificacion\Manzana_estratificacion_D01022008 "Database Connections\BDG-SDP.sde\ADMBDG.Estratificacion\ADMBDG.Manzana_estratificacion" NO_TEST "CODIGO_MANZANA "Identificador Único Código Manzana" true true false 9 Text 0 0 ,First,#,R:\DATOS\0_URGENTE_TAREAS_VARIAS\MATRIZ_BDG\A_INFORMACION_HOMOLOGADA_CAMBIOS_ESTRUCTURA_NUEVA_BASE.gdb\Estratificacion\Manzana_estratificacion_D01022008,CODIGO_MANZANA,-1,-1;ESTRATO "Estrato" true true false 2 Short 0 5 ,First,#,R:\DATOS\0_URGENTE_TAREAS_VARIAS\MATRIZ_BDG\A_INFORMACION_HOMOLOGADA_CAMBIOS_ESTRUCTURA_NUEVA_BASE.gdb\Estratificacion\Manzana_estratificacion_D01022008,ESTRATO,-1,-1;CODIGO_ZONA_ESTRATO "Código Zona Estrato" true true false 4 Long 0 10 ,First,#;CODIGO_CRITERIO "Código Criterio" true true false 4 Text 0 0 ,First,#,R:\DATOS\0_URGENTE_TAREAS_VARIAS\MATRIZ_BDG\A_INFORMACION_HOMOLOGADA_CAMBIOS_ESTRUCTURA_NUEVA_BASE.gdb\Estratificacion\Manzana_estratificacion_D01022008,CODIGO_CRITERIO,-1,-1;NORMATIVA "Normativa" true true false 6 Text 0 0 ,First,#,R:\DATOS\0_URGENTE_TAREAS_VARIAS\MATRIZ_BDG\A_INFORMACION_HOMOLOGADA_CAMBIOS_ESTRUCTURA_NUEVA_BASE.gdb\Estratificacion\Manzana_estratificacion_D01022008,NORMATIVA,-1,-1;ACTO_ADMINISTRATIVO "Acto Administrativo" true true false 4 Text 0 0 ,First,#,R:\DATOS\0_URGENTE_TAREAS_VARIAS\MATRIZ_BDG\A_INFORMACION_HOMOLOGADA_CAMBIOS_ESTRUCTURA_NUEVA_BASE.gdb\Estratificacion\Manzana_estratificacion_D01022008,ACTO_ADMINISTRATIVO,-1,-1;NUMERO_ACTO_ADMINISTRATIVO "Número Acto Administrativo" true true false 4 Long 0 10 ,First,#,R:\DATOS\0_URGENTE_TAREAS_VARIAS\MATRIZ_BDG\A_INFORMACION_HOMOLOGADA_CAMBIOS_ESTRUCTURA_NUEVA_BASE.gdb\Estratificacion\Manzana_estratificacion_D01022008,NUMERO_ACTO_ADMINISTRATIVO,-1,-1;FECHA_ACTO_ADMINISTRATIVO "Fecha Acto Administrativo" true true false 36 Date 0 0 ,First,#,R:\DATOS\0_URGENTE_TAREAS_VARIAS\MATRIZ_BDG\A_INFORMACION_HOMOLOGADA_CAMBIOS_ESTRUCTURA_NUEVA_BASE.gdb\Estratificacion\Manzana_estratificacion_D01022008,FECHA_ACTO_ADMINISTRATIVO,-1,-1;ESCALA_CAPTURA "Escala Captura" true true false 10 Text 0 0 ,First,#,R:\DATOS\0_URGENTE_TAREAS_VARIAS\MATRIZ_BDG\A_INFORMACION_HOMOLOGADA_CAMBIOS_ESTRUCTURA_NUEVA_BASE.gdb\Estratificacion\Manzana_estratificacion_D01022008,ESCALA_CAPTURA,-1,-1;FECHA_CAPTURA "Fecha Captura" true true false 36 Date 0 0 ,First,#,R:\DATOS\0_URGENTE_TAREAS_VARIAS\MATRIZ_BDG\A_INFORMACION_HOMOLOGADA_CAMBIOS_ESTRUCTURA_NUEVA_BASE.gdb\Estratificacion\Manzana_estratificacion_D01022008,FECHA_CAPTURA,-1,-1;RESPONSABLE "Responsable" true true false 4 Text 0 0 ,First,#,R:\DATOS\0_URGENTE_TAREAS_VARIAS\MATRIZ_BDG\A_INFORMACION_HOMOLOGADA_CAMBIOS_ESTRUCTURA_NUEVA_BASE.gdb\Estratificacion\Manzana_estratificacion_D01022008,RESPONSABLE,-1,-1;SHAPE.AREA "SHAPE.AREA" false false true 0 Double 0 0 ,First,#;SHAPE.LEN "SHAPE.LEN" false false true 0 Double 0 0 ,First,#" #</Process><Process ToolSource="c:\program files (x86)\arcgis\desktop10.1\ArcToolbox\Toolboxes\Data Management Tools.tbx\DeleteFeatures" Date="20181102" Time="074040">DeleteFeatures "Database Connections\BDG-SDP.sde\ADMBDG.Estratificacion\ADMBDG.Manzana_estratificacion"</Process><Process ToolSource="c:\program files (x86)\arcgis\desktop10.1\ArcToolbox\Toolboxes\Data Management Tools.tbx\Append" Date="20181102" Time="131539">Append R:\DATOS\0_URGENTE_TAREAS_VARIAS\MATRIZ_BDG\A_INFORMACION_HOMOLOGADA_CAMBIOS_ESTRUCTURA_NUEVA_BASE.gdb\Estratificacion\Manzana_estratificacion_E12012009 "Database Connections\BDG-SDP.sde\ADMBDG.Estratificacion\ADMBDG.Manzana_estratificacion" NO_TEST "CODIGO_MANZANA "Identificador Único Código Manzana" true true false 9 Text 0 0 ,First,#,R:\DATOS\0_URGENTE_TAREAS_VARIAS\MATRIZ_BDG\A_INFORMACION_HOMOLOGADA_CAMBIOS_ESTRUCTURA_NUEVA_BASE.gdb\Estratificacion\Manzana_estratificacion_E12012009,CODIGO_MANZANA,-1,-1;ESTRATO "Estrato" true true false 2 Short 0 5 ,First,#,R:\DATOS\0_URGENTE_TAREAS_VARIAS\MATRIZ_BDG\A_INFORMACION_HOMOLOGADA_CAMBIOS_ESTRUCTURA_NUEVA_BASE.gdb\Estratificacion\Manzana_estratificacion_E12012009,ESTRATO,-1,-1;CODIGO_ZONA_ESTRATO "Código Zona Estrato" true true false 4 Long 0 10 ,First,#;CODIGO_CRITERIO "Código Criterio" true true false 4 Text 0 0 ,First,#,R:\DATOS\0_URGENTE_TAREAS_VARIAS\MATRIZ_BDG\A_INFORMACION_HOMOLOGADA_CAMBIOS_ESTRUCTURA_NUEVA_BASE.gdb\Estratificacion\Manzana_estratificacion_E12012009,CODIGO_CRITERIO,-1,-1;NORMATIVA "Normativa" true true false 6 Text 0 0 ,First,#,R:\DATOS\0_URGENTE_TAREAS_VARIAS\MATRIZ_BDG\A_INFORMACION_HOMOLOGADA_CAMBIOS_ESTRUCTURA_NUEVA_BASE.gdb\Estratificacion\Manzana_estratificacion_E12012009,NORMATIVA,-1,-1;ACTO_ADMINISTRATIVO "Acto Administrativo" true true false 4 Text 0 0 ,First,#,R:\DATOS\0_URGENTE_TAREAS_VARIAS\MATRIZ_BDG\A_INFORMACION_HOMOLOGADA_CAMBIOS_ESTRUCTURA_NUEVA_BASE.gdb\Estratificacion\Manzana_estratificacion_E12012009,ACTO_ADMINISTRATIVO,-1,-1;NUMERO_ACTO_ADMINISTRATIVO "Número Acto Administrativo" true true false 4 Long 0 10 ,First,#,R:\DATOS\0_URGENTE_TAREAS_VARIAS\MATRIZ_BDG\A_INFORMACION_HOMOLOGADA_CAMBIOS_ESTRUCTURA_NUEVA_BASE.gdb\Estratificacion\Manzana_estratificacion_E12012009,NUMERO_ACTO_ADMINISTRATIVO,-1,-1;FECHA_ACTO_ADMINISTRATIVO "Fecha Acto Administrativo" true true false 36 Date 0 0 ,First,#,R:\DATOS\0_URGENTE_TAREAS_VARIAS\MATRIZ_BDG\A_INFORMACION_HOMOLOGADA_CAMBIOS_ESTRUCTURA_NUEVA_BASE.gdb\Estratificacion\Manzana_estratificacion_E12012009,FECHA_ACTO_ADMINISTRATIVO,-1,-1;ESCALA_CAPTURA "Escala Captura" true true false 10 Text 0 0 ,First,#,R:\DATOS\0_URGENTE_TAREAS_VARIAS\MATRIZ_BDG\A_INFORMACION_HOMOLOGADA_CAMBIOS_ESTRUCTURA_NUEVA_BASE.gdb\Estratificacion\Manzana_estratificacion_E12012009,ESCALA_CAPTURA,-1,-1;FECHA_CAPTURA "Fecha Captura" true true false 36 Date 0 0 ,First,#,R:\DATOS\0_URGENTE_TAREAS_VARIAS\MATRIZ_BDG\A_INFORMACION_HOMOLOGADA_CAMBIOS_ESTRUCTURA_NUEVA_BASE.gdb\Estratificacion\Manzana_estratificacion_E12012009,FECHA_CAPTURA,-1,-1;RESPONSABLE "Responsable" true true false 4 Text 0 0 ,First,#,R:\DATOS\0_URGENTE_TAREAS_VARIAS\MATRIZ_BDG\A_INFORMACION_HOMOLOGADA_CAMBIOS_ESTRUCTURA_NUEVA_BASE.gdb\Estratificacion\Manzana_estratificacion_E12012009,RESPONSABLE,-1,-1;SHAPE.AREA "SHAPE.AREA" false false true 0 Double 0 0 ,First,#;SHAPE.LEN "SHAPE.LEN" false false true 0 Double 0 0 ,First,#" #</Process><Process ToolSource="c:\program files (x86)\arcgis\desktop10.1\ArcToolbox\Toolboxes\Data Management Tools.tbx\DeleteFeatures" Date="20181102" Time="140927">DeleteFeatures "Database Connections\BDG-SDP.sde\ADMBDG.Estratificacion\ADMBDG.Manzana_estratificacion"</Process><Process ToolSource="c:\program files (x86)\arcgis\desktop10.1\ArcToolbox\Toolboxes\Data Management Tools.tbx\Append" Date="20181102" Time="142702">Append R:\DATOS\0_URGENTE_TAREAS_VARIAS\MATRIZ_BDG\A_INFORMACION_HOMOLOGADA_CAMBIOS_ESTRUCTURA_NUEVA_BASE.gdb\Estratificacion\Manzana_estratificacion_F28032011 "Database Connections\BDG-SDP.sde\ADMBDG.Estratificacion\ADMBDG.Manzana_estratificacion" NO_TEST "CODIGO_MANZANA "Identificador Único Código Manzana" true true false 9 Text 0 0 ,First,#,R:\DATOS\0_URGENTE_TAREAS_VARIAS\MATRIZ_BDG\A_INFORMACION_HOMOLOGADA_CAMBIOS_ESTRUCTURA_NUEVA_BASE.gdb\Estratificacion\Manzana_estratificacion_F28032011,CODIGO_MANZANA,-1,-1;ESTRATO "Estrato" true true false 2 Short 0 5 ,First,#,R:\DATOS\0_URGENTE_TAREAS_VARIAS\MATRIZ_BDG\A_INFORMACION_HOMOLOGADA_CAMBIOS_ESTRUCTURA_NUEVA_BASE.gdb\Estratificacion\Manzana_estratificacion_F28032011,ESTRATO,-1,-1;CODIGO_ZONA_ESTRATO "Código Zona Estrato" true true false 4 Long 0 10 ,First,#;CODIGO_CRITERIO "Código Criterio" true true false 4 Text 0 0 ,First,#,R:\DATOS\0_URGENTE_TAREAS_VARIAS\MATRIZ_BDG\A_INFORMACION_HOMOLOGADA_CAMBIOS_ESTRUCTURA_NUEVA_BASE.gdb\Estratificacion\Manzana_estratificacion_F28032011,CODIGO_CRITERIO,-1,-1;NORMATIVA "Normativa" true true false 6 Text 0 0 ,First,#,R:\DATOS\0_URGENTE_TAREAS_VARIAS\MATRIZ_BDG\A_INFORMACION_HOMOLOGADA_CAMBIOS_ESTRUCTURA_NUEVA_BASE.gdb\Estratificacion\Manzana_estratificacion_F28032011,NORMATIVA,-1,-1;ACTO_ADMINISTRATIVO "Acto Administrativo" true true false 4 Text 0 0 ,First,#,R:\DATOS\0_URGENTE_TAREAS_VARIAS\MATRIZ_BDG\A_INFORMACION_HOMOLOGADA_CAMBIOS_ESTRUCTURA_NUEVA_BASE.gdb\Estratificacion\Manzana_estratificacion_F28032011,ACTO_ADMINISTRATIVO,-1,-1;NUMERO_ACTO_ADMINISTRATIVO "Número Acto Administrativo" true true false 4 Long 0 10 ,First,#,R:\DATOS\0_URGENTE_TAREAS_VARIAS\MATRIZ_BDG\A_INFORMACION_HOMOLOGADA_CAMBIOS_ESTRUCTURA_NUEVA_BASE.gdb\Estratificacion\Manzana_estratificacion_F28032011,NUMERO_ACTO_ADMINISTRATIVO,-1,-1;FECHA_ACTO_ADMINISTRATIVO "Fecha Acto Administrativo" true true false 36 Date 0 0 ,First,#,R:\DATOS\0_URGENTE_TAREAS_VARIAS\MATRIZ_BDG\A_INFORMACION_HOMOLOGADA_CAMBIOS_ESTRUCTURA_NUEVA_BASE.gdb\Estratificacion\Manzana_estratificacion_F28032011,FECHA_ACTO_ADMINISTRATIVO,-1,-1;ESCALA_CAPTURA "Escala Captura" true true false 10 Text 0 0 ,First,#,R:\DATOS\0_URGENTE_TAREAS_VARIAS\MATRIZ_BDG\A_INFORMACION_HOMOLOGADA_CAMBIOS_ESTRUCTURA_NUEVA_BASE.gdb\Estratificacion\Manzana_estratificacion_F28032011,ESCALA_CAPTURA,-1,-1;FECHA_CAPTURA "Fecha Captura" true true false 36 Date 0 0 ,First,#,R:\DATOS\0_URGENTE_TAREAS_VARIAS\MATRIZ_BDG\A_INFORMACION_HOMOLOGADA_CAMBIOS_ESTRUCTURA_NUEVA_BASE.gdb\Estratificacion\Manzana_estratificacion_F28032011,FECHA_CAPTURA,-1,-1;RESPONSABLE "Responsable" true true false 4 Text 0 0 ,First,#,R:\DATOS\0_URGENTE_TAREAS_VARIAS\MATRIZ_BDG\A_INFORMACION_HOMOLOGADA_CAMBIOS_ESTRUCTURA_NUEVA_BASE.gdb\Estratificacion\Manzana_estratificacion_F28032011,RESPONSABLE,-1,-1;SHAPE.AREA "SHAPE.AREA" false false true 0 Double 0 0 ,First,#;SHAPE.LEN "SHAPE.LEN" false false true 0 Double 0 0 ,First,#" #</Process><Process ToolSource="c:\program files (x86)\arcgis\desktop10.1\ArcToolbox\Toolboxes\Data Management Tools.tbx\DeleteFeatures" Date="20181102" Time="142946">DeleteFeatures "Database Connections\BDG-SDP.sde\ADMBDG.Estratificacion\ADMBDG.Manzana_estratificacion"</Process><Process ToolSource="c:\program files (x86)\arcgis\desktop10.1\ArcToolbox\Toolboxes\Data Management Tools.tbx\Append" Date="20181102" Time="143506">Append R:\DATOS\0_URGENTE_TAREAS_VARIAS\MATRIZ_BDG\A_INFORMACION_HOMOLOGADA_CAMBIOS_ESTRUCTURA_NUEVA_BASE.gdb\Estratificacion\Manzana_estratificacion_G26052011 "Database Connections\BDG-SDP.sde\ADMBDG.Estratificacion\ADMBDG.Manzana_estratificacion" NO_TEST "CODIGO_MANZANA "Identificador Único Código Manzana" true true false 9 Text 0 0 ,First,#,R:\DATOS\0_URGENTE_TAREAS_VARIAS\MATRIZ_BDG\A_INFORMACION_HOMOLOGADA_CAMBIOS_ESTRUCTURA_NUEVA_BASE.gdb\Estratificacion\Manzana_estratificacion_G26052011,CODIGO_MANZANA,-1,-1;ESTRATO "Estrato" true true false 2 Short 0 5 ,First,#,R:\DATOS\0_URGENTE_TAREAS_VARIAS\MATRIZ_BDG\A_INFORMACION_HOMOLOGADA_CAMBIOS_ESTRUCTURA_NUEVA_BASE.gdb\Estratificacion\Manzana_estratificacion_G26052011,ESTRATO,-1,-1;CODIGO_ZONA_ESTRATO "Código Zona Estrato" true true false 4 Long 0 10 ,First,#;CODIGO_CRITERIO "Código Criterio" true true false 4 Text 0 0 ,First,#,R:\DATOS\0_URGENTE_TAREAS_VARIAS\MATRIZ_BDG\A_INFORMACION_HOMOLOGADA_CAMBIOS_ESTRUCTURA_NUEVA_BASE.gdb\Estratificacion\Manzana_estratificacion_G26052011,CODIGO_CRITERIO,-1,-1;NORMATIVA "Normativa" true true false 6 Text 0 0 ,First,#,R:\DATOS\0_URGENTE_TAREAS_VARIAS\MATRIZ_BDG\A_INFORMACION_HOMOLOGADA_CAMBIOS_ESTRUCTURA_NUEVA_BASE.gdb\Estratificacion\Manzana_estratificacion_G26052011,NORMATIVA,-1,-1;ACTO_ADMINISTRATIVO "Acto Administrativo" true true false 4 Text 0 0 ,First,#,R:\DATOS\0_URGENTE_TAREAS_VARIAS\MATRIZ_BDG\A_INFORMACION_HOMOLOGADA_CAMBIOS_ESTRUCTURA_NUEVA_BASE.gdb\Estratificacion\Manzana_estratificacion_G26052011,ACTO_ADMINISTRATIVO,-1,-1;NUMERO_ACTO_ADMINISTRATIVO "Número Acto Administrativo" true true false 4 Long 0 10 ,First,#,R:\DATOS\0_URGENTE_TAREAS_VARIAS\MATRIZ_BDG\A_INFORMACION_HOMOLOGADA_CAMBIOS_ESTRUCTURA_NUEVA_BASE.gdb\Estratificacion\Manzana_estratificacion_G26052011,NUMERO_ACTO_ADMINISTRATIVO,-1,-1;FECHA_ACTO_ADMINISTRATIVO "Fecha Acto Administrativo" true true false 36 Date 0 0 ,First,#,R:\DATOS\0_URGENTE_TAREAS_VARIAS\MATRIZ_BDG\A_INFORMACION_HOMOLOGADA_CAMBIOS_ESTRUCTURA_NUEVA_BASE.gdb\Estratificacion\Manzana_estratificacion_G26052011,FECHA_ACTO_ADMINISTRATIVO,-1,-1;ESCALA_CAPTURA "Escala Captura" true true false 10 Text 0 0 ,First,#,R:\DATOS\0_URGENTE_TAREAS_VARIAS\MATRIZ_BDG\A_INFORMACION_HOMOLOGADA_CAMBIOS_ESTRUCTURA_NUEVA_BASE.gdb\Estratificacion\Manzana_estratificacion_G26052011,ESCALA_CAPTURA,-1,-1;FECHA_CAPTURA "Fecha Captura" true true false 36 Date 0 0 ,First,#,R:\DATOS\0_URGENTE_TAREAS_VARIAS\MATRIZ_BDG\A_INFORMACION_HOMOLOGADA_CAMBIOS_ESTRUCTURA_NUEVA_BASE.gdb\Estratificacion\Manzana_estratificacion_G26052011,FECHA_CAPTURA,-1,-1;RESPONSABLE "Responsable" true true false 4 Text 0 0 ,First,#,R:\DATOS\0_URGENTE_TAREAS_VARIAS\MATRIZ_BDG\A_INFORMACION_HOMOLOGADA_CAMBIOS_ESTRUCTURA_NUEVA_BASE.gdb\Estratificacion\Manzana_estratificacion_G26052011,RESPONSABLE,-1,-1;SHAPE.AREA "SHAPE.AREA" false false true 0 Double 0 0 ,First,#;SHAPE.LEN "SHAPE.LEN" false false true 0 Double 0 0 ,First,#" #</Process><Process ToolSource="c:\program files (x86)\arcgis\desktop10.1\ArcToolbox\Toolboxes\Data Management Tools.tbx\DeleteFeatures" Date="20181102" Time="150855">DeleteFeatures "Database Connections\BDG-SDP.sde\ADMBDG.Estratificacion\ADMBDG.Manzana_estratificacion"</Process><Process ToolSource="c:\program files (x86)\arcgis\desktop10.1\ArcToolbox\Toolboxes\Data Management Tools.tbx\Append" Date="20181102" Time="153324">Append R:\DATOS\0_URGENTE_TAREAS_VARIAS\MATRIZ_BDG\A_INFORMACION_HOMOLOGADA_CAMBIOS_ESTRUCTURA_NUEVA_BASE.gdb\Estratificacion\Manzana_estratificacion_H26062013 "Database Connections\BDG-SDP.sde\ADMBDG.Estratificacion\ADMBDG.Manzana_estratificacion" NO_TEST "CODIGO_MANZANA "Identificador Único Código Manzana" true true false 9 Text 0 0 ,First,#,R:\DATOS\0_URGENTE_TAREAS_VARIAS\MATRIZ_BDG\A_INFORMACION_HOMOLOGADA_CAMBIOS_ESTRUCTURA_NUEVA_BASE.gdb\Estratificacion\Manzana_estratificacion_H26062013,CODIGO_MANZANA,-1,-1;ESTRATO "Estrato" true true false 2 Short 0 5 ,First,#,R:\DATOS\0_URGENTE_TAREAS_VARIAS\MATRIZ_BDG\A_INFORMACION_HOMOLOGADA_CAMBIOS_ESTRUCTURA_NUEVA_BASE.gdb\Estratificacion\Manzana_estratificacion_H26062013,ESTRATO,-1,-1;CODIGO_ZONA_ESTRATO "Código Zona Estrato" true true false 4 Long 0 10 ,First,#;CODIGO_CRITERIO "Código Criterio" true true false 4 Text 0 0 ,First,#,R:\DATOS\0_URGENTE_TAREAS_VARIAS\MATRIZ_BDG\A_INFORMACION_HOMOLOGADA_CAMBIOS_ESTRUCTURA_NUEVA_BASE.gdb\Estratificacion\Manzana_estratificacion_H26062013,CODIGO_CRITERIO,-1,-1;NORMATIVA "Normativa" true true false 6 Text 0 0 ,First,#,R:\DATOS\0_URGENTE_TAREAS_VARIAS\MATRIZ_BDG\A_INFORMACION_HOMOLOGADA_CAMBIOS_ESTRUCTURA_NUEVA_BASE.gdb\Estratificacion\Manzana_estratificacion_H26062013,NORMATIVA,-1,-1;ACTO_ADMINISTRATIVO "Acto Administrativo" true true false 4 Text 0 0 ,First,#,R:\DATOS\0_URGENTE_TAREAS_VARIAS\MATRIZ_BDG\A_INFORMACION_HOMOLOGADA_CAMBIOS_ESTRUCTURA_NUEVA_BASE.gdb\Estratificacion\Manzana_estratificacion_H26062013,ACTO_ADMINISTRATIVO,-1,-1;NUMERO_ACTO_ADMINISTRATIVO "Número Acto Administrativo" true true false 4 Long 0 10 ,First,#,R:\DATOS\0_URGENTE_TAREAS_VARIAS\MATRIZ_BDG\A_INFORMACION_HOMOLOGADA_CAMBIOS_ESTRUCTURA_NUEVA_BASE.gdb\Estratificacion\Manzana_estratificacion_H26062013,NUMERO_ACTO_ADMINISTRATIVO,-1,-1;FECHA_ACTO_ADMINISTRATIVO "Fecha Acto Administrativo" true true false 36 Date 0 0 ,First,#,R:\DATOS\0_URGENTE_TAREAS_VARIAS\MATRIZ_BDG\A_INFORMACION_HOMOLOGADA_CAMBIOS_ESTRUCTURA_NUEVA_BASE.gdb\Estratificacion\Manzana_estratificacion_H26062013,FECHA_ACTO_ADMINISTRATIVO,-1,-1;ESCALA_CAPTURA "Escala Captura" true true false 10 Text 0 0 ,First,#,R:\DATOS\0_URGENTE_TAREAS_VARIAS\MATRIZ_BDG\A_INFORMACION_HOMOLOGADA_CAMBIOS_ESTRUCTURA_NUEVA_BASE.gdb\Estratificacion\Manzana_estratificacion_H26062013,ESCALA_CAPTURA,-1,-1;FECHA_CAPTURA "Fecha Captura" true true false 36 Date 0 0 ,First,#,R:\DATOS\0_URGENTE_TAREAS_VARIAS\MATRIZ_BDG\A_INFORMACION_HOMOLOGADA_CAMBIOS_ESTRUCTURA_NUEVA_BASE.gdb\Estratificacion\Manzana_estratificacion_H26062013,FECHA_CAPTURA,-1,-1;RESPONSABLE "Responsable" true true false 4 Text 0 0 ,First,#,R:\DATOS\0_URGENTE_TAREAS_VARIAS\MATRIZ_BDG\A_INFORMACION_HOMOLOGADA_CAMBIOS_ESTRUCTURA_NUEVA_BASE.gdb\Estratificacion\Manzana_estratificacion_H26062013,RESPONSABLE,-1,-1;SHAPE.AREA "SHAPE.AREA" false false true 0 Double 0 0 ,First,#;SHAPE.LEN "SHAPE.LEN" false false true 0 Double 0 0 ,First,#" #</Process><Process ToolSource="c:\program files (x86)\arcgis\desktop10.1\ArcToolbox\Toolboxes\Data Management Tools.tbx\DeleteFeatures" Date="20181102" Time="153825">DeleteFeatures "Database Connections\BDG-SDP.sde\ADMBDG.Estratificacion\ADMBDG.Manzana_estratificacion"</Process><Process ToolSource="c:\program files (x86)\arcgis\desktop10.1\ArcToolbox\Toolboxes\Data Management Tools.tbx\Append" Date="20181102" Time="154348">Append R:\DATOS\0_URGENTE_TAREAS_VARIAS\MATRIZ_BDG\A_INFORMACION_HOMOLOGADA_CAMBIOS_ESTRUCTURA_NUEVA_BASE.gdb\Estratificacion\Manzana_estratificacion_I28072017 "Database Connections\BDG-SDP.sde\ADMBDG.Estratificacion\ADMBDG.Manzana_estratificacion" NO_TEST "CODIGO_MANZANA "Identificador Único Código Manzana" true true false 9 Text 0 0 ,First,#,R:\DATOS\0_URGENTE_TAREAS_VARIAS\MATRIZ_BDG\A_INFORMACION_HOMOLOGADA_CAMBIOS_ESTRUCTURA_NUEVA_BASE.gdb\Estratificacion\Manzana_estratificacion_I28072017,CODIGO_MANZANA,-1,-1;ESTRATO "Estrato" true true false 2 Short 0 5 ,First,#,R:\DATOS\0_URGENTE_TAREAS_VARIAS\MATRIZ_BDG\A_INFORMACION_HOMOLOGADA_CAMBIOS_ESTRUCTURA_NUEVA_BASE.gdb\Estratificacion\Manzana_estratificacion_I28072017,ESTRATO,-1,-1;CODIGO_ZONA_ESTRATO "Código Zona Estrato" true true false 4 Long 0 10 ,First,#,R:\DATOS\0_URGENTE_TAREAS_VARIAS\MATRIZ_BDG\A_INFORMACION_HOMOLOGADA_CAMBIOS_ESTRUCTURA_NUEVA_BASE.gdb\Estratificacion\Manzana_estratificacion_I28072017,CODIGO_ZONA_ESTRATO,-1,-1;CODIGO_CRITERIO "Código Criterio" true true false 4 Text 0 0 ,First,#,R:\DATOS\0_URGENTE_TAREAS_VARIAS\MATRIZ_BDG\A_INFORMACION_HOMOLOGADA_CAMBIOS_ESTRUCTURA_NUEVA_BASE.gdb\Estratificacion\Manzana_estratificacion_I28072017,CODIGO_CRITERIO,-1,-1;NORMATIVA "Normativa" true true false 6 Text 0 0 ,First,#,R:\DATOS\0_URGENTE_TAREAS_VARIAS\MATRIZ_BDG\A_INFORMACION_HOMOLOGADA_CAMBIOS_ESTRUCTURA_NUEVA_BASE.gdb\Estratificacion\Manzana_estratificacion_I28072017,NORMATIVA,-1,-1;ACTO_ADMINISTRATIVO "Acto Administrativo" true true false 4 Text 0 0 ,First,#,R:\DATOS\0_URGENTE_TAREAS_VARIAS\MATRIZ_BDG\A_INFORMACION_HOMOLOGADA_CAMBIOS_ESTRUCTURA_NUEVA_BASE.gdb\Estratificacion\Manzana_estratificacion_I28072017,ACTO_ADMINISTRATIVO,-1,-1;NUMERO_ACTO_ADMINISTRATIVO "Número Acto Administrativo" true true false 4 Long 0 10 ,First,#,R:\DATOS\0_URGENTE_TAREAS_VARIAS\MATRIZ_BDG\A_INFORMACION_HOMOLOGADA_CAMBIOS_ESTRUCTURA_NUEVA_BASE.gdb\Estratificacion\Manzana_estratificacion_I28072017,NUMERO_ACTO_ADMINISTRATIVO,-1,-1;FECHA_ACTO_ADMINISTRATIVO "Fecha Acto Administrativo" true true false 36 Date 0 0 ,First,#,R:\DATOS\0_URGENTE_TAREAS_VARIAS\MATRIZ_BDG\A_INFORMACION_HOMOLOGADA_CAMBIOS_ESTRUCTURA_NUEVA_BASE.gdb\Estratificacion\Manzana_estratificacion_I28072017,FECHA_ACTO_ADMINISTRATIVO,-1,-1;ESCALA_CAPTURA "Escala Captura" true true false 10 Text 0 0 ,First,#,R:\DATOS\0_URGENTE_TAREAS_VARIAS\MATRIZ_BDG\A_INFORMACION_HOMOLOGADA_CAMBIOS_ESTRUCTURA_NUEVA_BASE.gdb\Estratificacion\Manzana_estratificacion_I28072017,ESCALA_CAPTURA,-1,-1;FECHA_CAPTURA "Fecha Captura" true true false 36 Date 0 0 ,First,#,R:\DATOS\0_URGENTE_TAREAS_VARIAS\MATRIZ_BDG\A_INFORMACION_HOMOLOGADA_CAMBIOS_ESTRUCTURA_NUEVA_BASE.gdb\Estratificacion\Manzana_estratificacion_I28072017,FECHA_CAPTURA,-1,-1;RESPONSABLE "Responsable" true true false 4 Text 0 0 ,First,#,R:\DATOS\0_URGENTE_TAREAS_VARIAS\MATRIZ_BDG\A_INFORMACION_HOMOLOGADA_CAMBIOS_ESTRUCTURA_NUEVA_BASE.gdb\Estratificacion\Manzana_estratificacion_I28072017,RESPONSABLE,-1,-1;SHAPE.AREA "SHAPE.AREA" false false true 0 Double 0 0 ,First,#;SHAPE.LEN "SHAPE.LEN" false false true 0 Double 0 0 ,First,#" #</Process><Process ToolSource="c:\program files (x86)\arcgis\desktop10.7\ArcToolbox\Toolboxes\Data Management Tools.tbx\DeleteFeatures" Date="20190926" Time="091015">DeleteFeatures "Database Connections\BDG-SDP.sde\ADMBDG.Estratificacion\ADMBDG.Manzana_estratificacion"</Process></lineage></DataProperties><ArcGISstyle>ISO 19139 Metadata Implementation Specification</ArcGISstyle></Esri></metadata>
